location,lat,lng,boundary,stat_type,name,date,value,units,scenario,population
San Francisco Bay Area Region,37.88151,-122.36979,ccc4aregions,polygon average,CanESM2,01011954,9500,ha,rcp45,L_mu
San Francisco Bay Area Region,37.88151,-122.36979,ccc4aregions,polygon average,CanESM2,01011955,6567,ha,rcp45,L_mu
San Francisco Bay Area Region,37.88151,-122.36979,ccc4aregions,polygon average,CanESM2,01011956,13583,ha,rcp45,L_mu
San Francisco Bay Area Region,37.88151,-122.36979,ccc4aregions,polygon average,CanESM2,01011957,7978,ha,rcp45,L_mu
San Francisco Bay Area Region,37.88151,-122.36979,ccc4aregions,polygon average,CanESM2,01011958,10952,ha,rcp45,L_mu
San Francisco Bay Area Region,37.88151,-122.36979,ccc4aregions,polygon average,CanESM2,01011959,5484,ha,rcp45,L_mu
San Francisco Bay Area Region,37.88151,-122.36979,ccc4aregions,polygon average,CanESM2,01011960,6844,ha,rcp45,L_mu
San Francisco Bay Area Region,37.88151,-122.36979,ccc4aregions,polygon average,CanESM2,01011961,6652,ha,rcp45,L_mu
San Francisco Bay Area Region,37.88151,-122.36979,ccc4aregions,polygon average,CanESM2,01011962,6597,ha,rcp45,L_mu
San Francisco Bay Area Region,37.88151,-122.36979,ccc4aregions,polygon average,CanESM2,01011963,14684,ha,rcp45,L_mu
San Francisco Bay Area Region,37.88151,-122.36979,ccc4aregions,polygon average,CanESM2,01011964,8914,ha,rcp45,L_mu
San Francisco Bay Area Region,37.88151,-122.36979,ccc4aregions,polygon average,CanESM2,01011965,11525,ha,rcp45,L_mu
San Francisco Bay Area Region,37.88151,-122.36979,ccc4aregions,polygon average,CanESM2,01011966,6390,ha,rcp45,L_mu
San Francisco Bay Area Region,37.88151,-122.36979,ccc4aregions,polygon average,CanESM2,01011967,5455,ha,rcp45,L_mu
San Francisco Bay Area Region,37.88151,-122.36979,ccc4aregions,polygon average,CanESM2,01011968,9366,ha,rcp45,L_mu
San Francisco Bay Area Region,37.88151,-122.36979,ccc4aregions,polygon average,CanESM2,01011969,9904,ha,rcp45,L_mu
San Francisco Bay Area Region,37.88151,-122.36979,ccc4aregions,polygon average,CanESM2,01011970,6511,ha,rcp45,L_mu
San Francisco Bay Area Region,37.88151,-122.36979,ccc4aregions,polygon average,CanESM2,01011971,8882,ha,rcp45,L_mu
San Francisco Bay Area Region,37.88151,-122.36979,ccc4aregions,polygon average,CanESM2,01011972,6305,ha,rcp45,L_mu
San Francisco Bay Area Region,37.88151,-122.36979,ccc4aregions,polygon average,CanESM2,01011973,9548,ha,rcp45,L_mu
San Francisco Bay Area Region,37.88151,-122.36979,ccc4aregions,polygon average,CanESM2,01011974,7883,ha,rcp45,L_mu
San Francisco Bay Area Region,37.88151,-122.36979,ccc4aregions,polygon average,CanESM2,01011975,6897,ha,rcp45,L_mu
San Francisco Bay Area Region,37.88151,-122.36979,ccc4aregions,polygon average,CanESM2,01011976,5993,ha,rcp45,L_mu
San Francisco Bay Area Region,37.88151,-122.36979,ccc4aregions,polygon average,CanESM2,01011977,4794,ha,rcp45,L_mu
San Francisco Bay Area Region,37.88151,-122.36979,ccc4aregions,polygon average,CanESM2,01011978,6870,ha,rcp45,L_mu
San Francisco Bay Area Region,37.88151,-122.36979,ccc4aregions,polygon average,CanESM2,01011979,7462,ha,rcp45,L_mu
San Francisco Bay Area Region,37.88151,-122.36979,ccc4aregions,polygon average,CanESM2,01011980,5476,ha,rcp45,L_mu
San Francisco Bay Area Region,37.88151,-122.36979,ccc4aregions,polygon average,CanESM2,01011981,5963,ha,rcp45,L_mu
San Francisco Bay Area Region,37.88151,-122.36979,ccc4aregions,polygon average,CanESM2,01011982,6083,ha,rcp45,L_mu
San Francisco Bay Area Region,37.88151,-122.36979,ccc4aregions,polygon average,CanESM2,01011983,6218,ha,rcp45,L_mu
San Francisco Bay Area Region,37.88151,-122.36979,ccc4aregions,polygon average,CanESM2,01011984,7436,ha,rcp45,L_mu
San Francisco Bay Area Region,37.88151,-122.36979,ccc4aregions,polygon average,CanESM2,01011985,10344,ha,rcp45,L_mu
San Francisco Bay Area Region,37.88151,-122.36979,ccc4aregions,polygon average,CanESM2,01011986,6864,ha,rcp45,L_mu
San Francisco Bay Area Region,37.88151,-122.36979,ccc4aregions,polygon average,CanESM2,01011987,8283,ha,rcp45,L_mu
San Francisco Bay Area Region,37.88151,-122.36979,ccc4aregions,polygon average,CanESM2,01011988,7432,ha,rcp45,L_mu
San Francisco Bay Area Region,37.88151,-122.36979,ccc4aregions,polygon average,CanESM2,01011989,8397,ha,rcp45,L_mu
San Francisco Bay Area Region,37.88151,-122.36979,ccc4aregions,polygon average,CanESM2,01011990,10901,ha,rcp45,L_mu
San Francisco Bay Area Region,37.88151,-122.36979,ccc4aregions,polygon average,CanESM2,01011991,5871,ha,rcp45,L_mu
San Francisco Bay Area Region,37.88151,-122.36979,ccc4aregions,polygon average,CanESM2,01011992,6097,ha,rcp45,L_mu
San Francisco Bay Area Region,37.88151,-122.36979,ccc4aregions,polygon average,CanESM2,01011993,6410,ha,rcp45,L_mu
San Francisco Bay Area Region,37.88151,-122.36979,ccc4aregions,polygon average,CanESM2,01011994,4101,ha,rcp45,L_mu
San Francisco Bay Area Region,37.88151,-122.36979,ccc4aregions,polygon average,CanESM2,01011995,9482,ha,rcp45,L_mu
San Francisco Bay Area Region,37.88151,-122.36979,ccc4aregions,polygon average,CanESM2,01011996,9472,ha,rcp45,L_mu
San Francisco Bay Area Region,37.88151,-122.36979,ccc4aregions,polygon average,CanESM2,01011997,8795,ha,rcp45,L_mu
San Francisco Bay Area Region,37.88151,-122.36979,ccc4aregions,polygon average,CanESM2,01011998,7204,ha,rcp45,L_mu
San Francisco Bay Area Region,37.88151,-122.36979,ccc4aregions,polygon average,CanESM2,01011999,7009,ha,rcp45,L_mu
San Francisco Bay Area Region,37.88151,-122.36979,ccc4aregions,polygon average,CanESM2,01012000,5903,ha,rcp45,L_mu
San Francisco Bay Area Region,37.88151,-122.36979,ccc4aregions,polygon average,CanESM2,01012001,10398,ha,rcp45,L_mu
San Francisco Bay Area Region,37.88151,-122.36979,ccc4aregions,polygon average,CanESM2,01012002,11890,ha,rcp45,L_mu
San Francisco Bay Area Region,37.88151,-122.36979,ccc4aregions,polygon average,CanESM2,01012003,9697,ha,rcp45,L_mu
San Francisco Bay Area Region,37.88151,-122.36979,ccc4aregions,polygon average,CanESM2,01012004,8319,ha,rcp45,L_mu
San Francisco Bay Area Region,37.88151,-122.36979,ccc4aregions,polygon average,CanESM2,01012005,5651,ha,rcp45,L_mu
San Francisco Bay Area Region,37.88151,-122.36979,ccc4aregions,polygon average,CanESM2,01012006,7285,ha,rcp45,L_mu
San Francisco Bay Area Region,37.88151,-122.36979,ccc4aregions,polygon average,CanESM2,01012007,11163,ha,rcp45,L_mu
San Francisco Bay Area Region,37.88151,-122.36979,ccc4aregions,polygon average,CanESM2,01012008,11143,ha,rcp45,L_mu
San Francisco Bay Area Region,37.88151,-122.36979,ccc4aregions,polygon average,CanESM2,01012009,9983,ha,rcp45,L_mu
San Francisco Bay Area Region,37.88151,-122.36979,ccc4aregions,polygon average,CanESM2,01012010,5509,ha,rcp45,L_mu
San Francisco Bay Area Region,37.88151,-122.36979,ccc4aregions,polygon average,CanESM2,01012011,5771,ha,rcp45,L_mu
San Francisco Bay Area Region,37.88151,-122.36979,ccc4aregions,polygon average,CanESM2,01012012,7292,ha,rcp45,L_mu
San Francisco Bay Area Region,37.88151,-122.36979,ccc4aregions,polygon average,CanESM2,01012013,11157,ha,rcp45,L_mu
San Francisco Bay Area Region,37.88151,-122.36979,ccc4aregions,polygon average,CanESM2,01012014,8874,ha,rcp45,L_mu
San Francisco Bay Area Region,37.88151,-122.36979,ccc4aregions,polygon average,CanESM2,01012015,6654,ha,rcp45,L_mu
San Francisco Bay Area Region,37.88151,-122.36979,ccc4aregions,polygon average,CanESM2,01012016,7069,ha,rcp45,L_mu
San Francisco Bay Area Region,37.88151,-122.36979,ccc4aregions,polygon average,CanESM2,01012017,7743,ha,rcp45,L_mu
San Francisco Bay Area Region,37.88151,-122.36979,ccc4aregions,polygon average,CanESM2,01012018,12265,ha,rcp45,L_mu
San Francisco Bay Area Region,37.88151,-122.36979,ccc4aregions,polygon average,CanESM2,01012019,8332,ha,rcp45,L_mu
San Francisco Bay Area Region,37.88151,-122.36979,ccc4aregions,polygon average,CanESM2,01012020,9179,ha,rcp45,L_mu
San Francisco Bay Area Region,37.88151,-122.36979,ccc4aregions,polygon average,CanESM2,01012021,6551,ha,rcp45,L_mu
San Francisco Bay Area Region,37.88151,-122.36979,ccc4aregions,polygon average,CanESM2,01012022,5003,ha,rcp45,L_mu
San Francisco Bay Area Region,37.88151,-122.36979,ccc4aregions,polygon average,CanESM2,01012023,7931,ha,rcp45,L_mu
San Francisco Bay Area Region,37.88151,-122.36979,ccc4aregions,polygon average,CanESM2,01012024,17509,ha,rcp45,L_mu
San Francisco Bay Area Region,37.88151,-122.36979,ccc4aregions,polygon average,CanESM2,01012025,8188,ha,rcp45,L_mu
San Francisco Bay Area Region,37.88151,-122.36979,ccc4aregions,polygon average,CanESM2,01012026,8826,ha,rcp45,L_mu
San Francisco Bay Area Region,37.88151,-122.36979,ccc4aregions,polygon average,CanESM2,01012027,7132,ha,rcp45,L_mu
San Francisco Bay Area Region,37.88151,-122.36979,ccc4aregions,polygon average,CanESM2,01012028,5856,ha,rcp45,L_mu
San Francisco Bay Area Region,37.88151,-122.36979,ccc4aregions,polygon average,CanESM2,01012029,7081,ha,rcp45,L_mu
San Francisco Bay Area Region,37.88151,-122.36979,ccc4aregions,polygon average,CanESM2,01012030,9522,ha,rcp45,L_mu
San Francisco Bay Area Region,37.88151,-122.36979,ccc4aregions,polygon average,CanESM2,01012031,7874,ha,rcp45,L_mu
San Francisco Bay Area Region,37.88151,-122.36979,ccc4aregions,polygon average,CanESM2,01012032,10824,ha,rcp45,L_mu
San Francisco Bay Area Region,37.88151,-122.36979,ccc4aregions,polygon average,CanESM2,01012033,6866,ha,rcp45,L_mu
San Francisco Bay Area Region,37.88151,-122.36979,ccc4aregions,polygon average,CanESM2,01012034,5165,ha,rcp45,L_mu
San Francisco Bay Area Region,37.88151,-122.36979,ccc4aregions,polygon average,CanESM2,01012035,10213,ha,rcp45,L_mu
San Francisco Bay Area Region,37.88151,-122.36979,ccc4aregions,polygon average,CanESM2,01012036,9717,ha,rcp45,L_mu
San Francisco Bay Area Region,37.88151,-122.36979,ccc4aregions,polygon average,CanESM2,01012037,6683,ha,rcp45,L_mu
San Francisco Bay Area Region,37.88151,-122.36979,ccc4aregions,polygon average,CanESM2,01012038,4954,ha,rcp45,L_mu
San Francisco Bay Area Region,37.88151,-122.36979,ccc4aregions,polygon average,CanESM2,01012039,5809,ha,rcp45,L_mu
San Francisco Bay Area Region,37.88151,-122.36979,ccc4aregions,polygon average,CanESM2,01012040,10487,ha,rcp45,L_mu
San Francisco Bay Area Region,37.88151,-122.36979,ccc4aregions,polygon average,CanESM2,01012041,7915,ha,rcp45,L_mu
San Francisco Bay Area Region,37.88151,-122.36979,ccc4aregions,polygon average,CanESM2,01012042,9973,ha,rcp45,L_mu
San Francisco Bay Area Region,37.88151,-122.36979,ccc4aregions,polygon average,CanESM2,01012043,9052,ha,rcp45,L_mu
San Francisco Bay Area Region,37.88151,-122.36979,ccc4aregions,polygon average,CanESM2,01012044,4976,ha,rcp45,L_mu
San Francisco Bay Area Region,37.88151,-122.36979,ccc4aregions,polygon average,CanESM2,01012045,6228,ha,rcp45,L_mu
San Francisco Bay Area Region,37.88151,-122.36979,ccc4aregions,polygon average,CanESM2,01012046,12563,ha,rcp45,L_mu
San Francisco Bay Area Region,37.88151,-122.36979,ccc4aregions,polygon average,CanESM2,01012047,13703,ha,rcp45,L_mu
San Francisco Bay Area Region,37.88151,-122.36979,ccc4aregions,polygon average,CanESM2,01012048,9947,ha,rcp45,L_mu
San Francisco Bay Area Region,37.88151,-122.36979,ccc4aregions,polygon average,CanESM2,01012049,5078,ha,rcp45,L_mu
San Francisco Bay Area Region,37.88151,-122.36979,ccc4aregions,polygon average,CanESM2,01012050,7423,ha,rcp45,L_mu
San Francisco Bay Area Region,37.88151,-122.36979,ccc4aregions,polygon average,CanESM2,01012051,11904,ha,rcp45,L_mu
San Francisco Bay Area Region,37.88151,-122.36979,ccc4aregions,polygon average,CanESM2,01012052,12461,ha,rcp45,L_mu
San Francisco Bay Area Region,37.88151,-122.36979,ccc4aregions,polygon average,CanESM2,01012053,10332,ha,rcp45,L_mu
San Francisco Bay Area Region,37.88151,-122.36979,ccc4aregions,polygon average,CanESM2,01012054,10449,ha,rcp45,L_mu
San Francisco Bay Area Region,37.88151,-122.36979,ccc4aregions,polygon average,CanESM2,01012055,6102,ha,rcp45,L_mu
San Francisco Bay Area Region,37.88151,-122.36979,ccc4aregions,polygon average,CanESM2,01012056,9754,ha,rcp45,L_mu
San Francisco Bay Area Region,37.88151,-122.36979,ccc4aregions,polygon average,CanESM2,01012057,10133,ha,rcp45,L_mu
San Francisco Bay Area Region,37.88151,-122.36979,ccc4aregions,polygon average,CanESM2,01012058,9716,ha,rcp45,L_mu
San Francisco Bay Area Region,37.88151,-122.36979,ccc4aregions,polygon average,CanESM2,01012059,17865,ha,rcp45,L_mu
San Francisco Bay Area Region,37.88151,-122.36979,ccc4aregions,polygon average,CanESM2,01012060,9542,ha,rcp45,L_mu
San Francisco Bay Area Region,37.88151,-122.36979,ccc4aregions,polygon average,CanESM2,01012061,3984,ha,rcp45,L_mu
San Francisco Bay Area Region,37.88151,-122.36979,ccc4aregions,polygon average,CanESM2,01012062,7949,ha,rcp45,L_mu
San Francisco Bay Area Region,37.88151,-122.36979,ccc4aregions,polygon average,CanESM2,01012063,16058,ha,rcp45,L_mu
San Francisco Bay Area Region,37.88151,-122.36979,ccc4aregions,polygon average,CanESM2,01012064,11339,ha,rcp45,L_mu
San Francisco Bay Area Region,37.88151,-122.36979,ccc4aregions,polygon average,CanESM2,01012065,12518,ha,rcp45,L_mu
San Francisco Bay Area Region,37.88151,-122.36979,ccc4aregions,polygon average,CanESM2,01012066,7396,ha,rcp45,L_mu
San Francisco Bay Area Region,37.88151,-122.36979,ccc4aregions,polygon average,CanESM2,01012067,7111,ha,rcp45,L_mu
San Francisco Bay Area Region,37.88151,-122.36979,ccc4aregions,polygon average,CanESM2,01012068,11613,ha,rcp45,L_mu
San Francisco Bay Area Region,37.88151,-122.36979,ccc4aregions,polygon average,CanESM2,01012069,7020,ha,rcp45,L_mu
San Francisco Bay Area Region,37.88151,-122.36979,ccc4aregions,polygon average,CanESM2,01012070,11030,ha,rcp45,L_mu
San Francisco Bay Area Region,37.88151,-122.36979,ccc4aregions,polygon average,CanESM2,01012071,6305,ha,rcp45,L_mu
San Francisco Bay Area Region,37.88151,-122.36979,ccc4aregions,polygon average,CanESM2,01012072,6674,ha,rcp45,L_mu
San Francisco Bay Area Region,37.88151,-122.36979,ccc4aregions,polygon average,CanESM2,01012073,10490,ha,rcp45,L_mu
San Francisco Bay Area Region,37.88151,-122.36979,ccc4aregions,polygon average,CanESM2,01012074,5698,ha,rcp45,L_mu
San Francisco Bay Area Region,37.88151,-122.36979,ccc4aregions,polygon average,CanESM2,01012075,6806,ha,rcp45,L_mu
San Francisco Bay Area Region,37.88151,-122.36979,ccc4aregions,polygon average,CanESM2,01012076,9319,ha,rcp45,L_mu
San Francisco Bay Area Region,37.88151,-122.36979,ccc4aregions,polygon average,CanESM2,01012077,10120,ha,rcp45,L_mu
San Francisco Bay Area Region,37.88151,-122.36979,ccc4aregions,polygon average,CanESM2,01012078,15206,ha,rcp45,L_mu
San Francisco Bay Area Region,37.88151,-122.36979,ccc4aregions,polygon average,CanESM2,01012079,7387,ha,rcp45,L_mu
San Francisco Bay Area Region,37.88151,-122.36979,ccc4aregions,polygon average,CanESM2,01012080,9312,ha,rcp45,L_mu
San Francisco Bay Area Region,37.88151,-122.36979,ccc4aregions,polygon average,CanESM2,01012081,9237,ha,rcp45,L_mu
San Francisco Bay Area Region,37.88151,-122.36979,ccc4aregions,polygon average,CanESM2,01012082,10032,ha,rcp45,L_mu
San Francisco Bay Area Region,37.88151,-122.36979,ccc4aregions,polygon average,CanESM2,01012083,10304,ha,rcp45,L_mu
San Francisco Bay Area Region,37.88151,-122.36979,ccc4aregions,polygon average,CanESM2,01012084,18679,ha,rcp45,L_mu
San Francisco Bay Area Region,37.88151,-122.36979,ccc4aregions,polygon average,CanESM2,01012085,6815,ha,rcp45,L_mu
San Francisco Bay Area Region,37.88151,-122.36979,ccc4aregions,polygon average,CanESM2,01012086,10622,ha,rcp45,L_mu
San Francisco Bay Area Region,37.88151,-122.36979,ccc4aregions,polygon average,CanESM2,01012087,13443,ha,rcp45,L_mu
San Francisco Bay Area Region,37.88151,-122.36979,ccc4aregions,polygon average,CanESM2,01012088,8858,ha,rcp45,L_mu
San Francisco Bay Area Region,37.88151,-122.36979,ccc4aregions,polygon average,CanESM2,01012089,9010,ha,rcp45,L_mu
San Francisco Bay Area Region,37.88151,-122.36979,ccc4aregions,polygon average,CanESM2,01012090,6071,ha,rcp45,L_mu
San Francisco Bay Area Region,37.88151,-122.36979,ccc4aregions,polygon average,CanESM2,01012091,9266,ha,rcp45,L_mu
San Francisco Bay Area Region,37.88151,-122.36979,ccc4aregions,polygon average,CanESM2,01012092,8479,ha,rcp45,L_mu
San Francisco Bay Area Region,37.88151,-122.36979,ccc4aregions,polygon average,CanESM2,01012093,8587,ha,rcp45,L_mu
San Francisco Bay Area Region,37.88151,-122.36979,ccc4aregions,polygon average,CanESM2,01012094,10820,ha,rcp45,L_mu
San Francisco Bay Area Region,37.88151,-122.36979,ccc4aregions,polygon average,CanESM2,01012095,8750,ha,rcp45,L_mu
San Francisco Bay Area Region,37.88151,-122.36979,ccc4aregions,polygon average,CanESM2,01012096,10646,ha,rcp45,L_mu
San Francisco Bay Area Region,37.88151,-122.36979,ccc4aregions,polygon average,CanESM2,01012097,11141,ha,rcp45,L_mu
San Francisco Bay Area Region,37.88151,-122.36979,ccc4aregions,polygon average,CanESM2,01012098,10543,ha,rcp45,L_mu
San Francisco Bay Area Region,37.88151,-122.36979,ccc4aregions,polygon average,CanESM2,01012099,10960,ha,rcp45,L_mu
San Francisco Bay Area Region,37.88151,-122.36979,ccc4aregions,polygon average,CanESM2,01012100,10879,ha,rcp45,L_mu
San Francisco Bay Area Region,37.88151,-122.36979,ccc4aregions,polygon average,CNRM-CM5,01011954,5651,ha,rcp45,L_mu
San Francisco Bay Area Region,37.88151,-122.36979,ccc4aregions,polygon average,CNRM-CM5,01011955,6015,ha,rcp45,L_mu
San Francisco Bay Area Region,37.88151,-122.36979,ccc4aregions,polygon average,CNRM-CM5,01011956,7114,ha,rcp45,L_mu
San Francisco Bay Area Region,37.88151,-122.36979,ccc4aregions,polygon average,CNRM-CM5,01011957,9259,ha,rcp45,L_mu
San Francisco Bay Area Region,37.88151,-122.36979,ccc4aregions,polygon average,CNRM-CM5,01011958,6041,ha,rcp45,L_mu
San Francisco Bay Area Region,37.88151,-122.36979,ccc4aregions,polygon average,CNRM-CM5,01011959,6541,ha,rcp45,L_mu
San Francisco Bay Area Region,37.88151,-122.36979,ccc4aregions,polygon average,CNRM-CM5,01011960,7594,ha,rcp45,L_mu
San Francisco Bay Area Region,37.88151,-122.36979,ccc4aregions,polygon average,CNRM-CM5,01011961,8414,ha,rcp45,L_mu
San Francisco Bay Area Region,37.88151,-122.36979,ccc4aregions,polygon average,CNRM-CM5,01011962,5209,ha,rcp45,L_mu
San Francisco Bay Area Region,37.88151,-122.36979,ccc4aregions,polygon average,CNRM-CM5,01011963,9995,ha,rcp45,L_mu
San Francisco Bay Area Region,37.88151,-122.36979,ccc4aregions,polygon average,CNRM-CM5,01011964,5834,ha,rcp45,L_mu
San Francisco Bay Area Region,37.88151,-122.36979,ccc4aregions,polygon average,CNRM-CM5,01011965,4823,ha,rcp45,L_mu
San Francisco Bay Area Region,37.88151,-122.36979,ccc4aregions,polygon average,CNRM-CM5,01011966,5821,ha,rcp45,L_mu
San Francisco Bay Area Region,37.88151,-122.36979,ccc4aregions,polygon average,CNRM-CM5,01011967,8209,ha,rcp45,L_mu
San Francisco Bay Area Region,37.88151,-122.36979,ccc4aregions,polygon average,CNRM-CM5,01011968,7232,ha,rcp45,L_mu
San Francisco Bay Area Region,37.88151,-122.36979,ccc4aregions,polygon average,CNRM-CM5,01011969,5187,ha,rcp45,L_mu
San Francisco Bay Area Region,37.88151,-122.36979,ccc4aregions,polygon average,CNRM-CM5,01011970,7419,ha,rcp45,L_mu
San Francisco Bay Area Region,37.88151,-122.36979,ccc4aregions,polygon average,CNRM-CM5,01011971,6766,ha,rcp45,L_mu
San Francisco Bay Area Region,37.88151,-122.36979,ccc4aregions,polygon average,CNRM-CM5,01011972,7105,ha,rcp45,L_mu
San Francisco Bay Area Region,37.88151,-122.36979,ccc4aregions,polygon average,CNRM-CM5,01011973,6906,ha,rcp45,L_mu
San Francisco Bay Area Region,37.88151,-122.36979,ccc4aregions,polygon average,CNRM-CM5,01011974,6988,ha,rcp45,L_mu
San Francisco Bay Area Region,37.88151,-122.36979,ccc4aregions,polygon average,CNRM-CM5,01011975,5155,ha,rcp45,L_mu
San Francisco Bay Area Region,37.88151,-122.36979,ccc4aregions,polygon average,CNRM-CM5,01011976,9466,ha,rcp45,L_mu
San Francisco Bay Area Region,37.88151,-122.36979,ccc4aregions,polygon average,CNRM-CM5,01011977,7054,ha,rcp45,L_mu
San Francisco Bay Area Region,37.88151,-122.36979,ccc4aregions,polygon average,CNRM-CM5,01011978,7224,ha,rcp45,L_mu
San Francisco Bay Area Region,37.88151,-122.36979,ccc4aregions,polygon average,CNRM-CM5,01011979,9887,ha,rcp45,L_mu
San Francisco Bay Area Region,37.88151,-122.36979,ccc4aregions,polygon average,CNRM-CM5,01011980,7208,ha,rcp45,L_mu
San Francisco Bay Area Region,37.88151,-122.36979,ccc4aregions,polygon average,CNRM-CM5,01011981,9490,ha,rcp45,L_mu
San Francisco Bay Area Region,37.88151,-122.36979,ccc4aregions,polygon average,CNRM-CM5,01011982,9384,ha,rcp45,L_mu
San Francisco Bay Area Region,37.88151,-122.36979,ccc4aregions,polygon average,CNRM-CM5,01011983,5420,ha,rcp45,L_mu
San Francisco Bay Area Region,37.88151,-122.36979,ccc4aregions,polygon average,CNRM-CM5,01011984,6691,ha,rcp45,L_mu
San Francisco Bay Area Region,37.88151,-122.36979,ccc4aregions,polygon average,CNRM-CM5,01011985,7958,ha,rcp45,L_mu
San Francisco Bay Area Region,37.88151,-122.36979,ccc4aregions,polygon average,CNRM-CM5,01011986,5842,ha,rcp45,L_mu
San Francisco Bay Area Region,37.88151,-122.36979,ccc4aregions,polygon average,CNRM-CM5,01011987,10507,ha,rcp45,L_mu
San Francisco Bay Area Region,37.88151,-122.36979,ccc4aregions,polygon average,CNRM-CM5,01011988,8506,ha,rcp45,L_mu
San Francisco Bay Area Region,37.88151,-122.36979,ccc4aregions,polygon average,CNRM-CM5,01011989,8667,ha,rcp45,L_mu
San Francisco Bay Area Region,37.88151,-122.36979,ccc4aregions,polygon average,CNRM-CM5,01011990,8422,ha,rcp45,L_mu
San Francisco Bay Area Region,37.88151,-122.36979,ccc4aregions,polygon average,CNRM-CM5,01011991,8343,ha,rcp45,L_mu
San Francisco Bay Area Region,37.88151,-122.36979,ccc4aregions,polygon average,CNRM-CM5,01011992,8599,ha,rcp45,L_mu
San Francisco Bay Area Region,37.88151,-122.36979,ccc4aregions,polygon average,CNRM-CM5,01011993,7817,ha,rcp45,L_mu
San Francisco Bay Area Region,37.88151,-122.36979,ccc4aregions,polygon average,CNRM-CM5,01011994,4547,ha,rcp45,L_mu
San Francisco Bay Area Region,37.88151,-122.36979,ccc4aregions,polygon average,CNRM-CM5,01011995,7836,ha,rcp45,L_mu
San Francisco Bay Area Region,37.88151,-122.36979,ccc4aregions,polygon average,CNRM-CM5,01011996,8332,ha,rcp45,L_mu
San Francisco Bay Area Region,37.88151,-122.36979,ccc4aregions,polygon average,CNRM-CM5,01011997,4157,ha,rcp45,L_mu
San Francisco Bay Area Region,37.88151,-122.36979,ccc4aregions,polygon average,CNRM-CM5,01011998,5874,ha,rcp45,L_mu
San Francisco Bay Area Region,37.88151,-122.36979,ccc4aregions,polygon average,CNRM-CM5,01011999,11664,ha,rcp45,L_mu
San Francisco Bay Area Region,37.88151,-122.36979,ccc4aregions,polygon average,CNRM-CM5,01012000,9981,ha,rcp45,L_mu
San Francisco Bay Area Region,37.88151,-122.36979,ccc4aregions,polygon average,CNRM-CM5,01012001,6763,ha,rcp45,L_mu
San Francisco Bay Area Region,37.88151,-122.36979,ccc4aregions,polygon average,CNRM-CM5,01012002,11145,ha,rcp45,L_mu
San Francisco Bay Area Region,37.88151,-122.36979,ccc4aregions,polygon average,CNRM-CM5,01012003,6189,ha,rcp45,L_mu
San Francisco Bay Area Region,37.88151,-122.36979,ccc4aregions,polygon average,CNRM-CM5,01012004,7598,ha,rcp45,L_mu
San Francisco Bay Area Region,37.88151,-122.36979,ccc4aregions,polygon average,CNRM-CM5,01012005,7797,ha,rcp45,L_mu
San Francisco Bay Area Region,37.88151,-122.36979,ccc4aregions,polygon average,CNRM-CM5,01012006,9527,ha,rcp45,L_mu
San Francisco Bay Area Region,37.88151,-122.36979,ccc4aregions,polygon average,CNRM-CM5,01012007,8155,ha,rcp45,L_mu
San Francisco Bay Area Region,37.88151,-122.36979,ccc4aregions,polygon average,CNRM-CM5,01012008,9552,ha,rcp45,L_mu
San Francisco Bay Area Region,37.88151,-122.36979,ccc4aregions,polygon average,CNRM-CM5,01012009,5939,ha,rcp45,L_mu
San Francisco Bay Area Region,37.88151,-122.36979,ccc4aregions,polygon average,CNRM-CM5,01012010,7723,ha,rcp45,L_mu
San Francisco Bay Area Region,37.88151,-122.36979,ccc4aregions,polygon average,CNRM-CM5,01012011,9538,ha,rcp45,L_mu
San Francisco Bay Area Region,37.88151,-122.36979,ccc4aregions,polygon average,CNRM-CM5,01012012,8933,ha,rcp45,L_mu
San Francisco Bay Area Region,37.88151,-122.36979,ccc4aregions,polygon average,CNRM-CM5,01012013,11885,ha,rcp45,L_mu
San Francisco Bay Area Region,37.88151,-122.36979,ccc4aregions,polygon average,CNRM-CM5,01012014,8786,ha,rcp45,L_mu
San Francisco Bay Area Region,37.88151,-122.36979,ccc4aregions,polygon average,CNRM-CM5,01012015,5633,ha,rcp45,L_mu
San Francisco Bay Area Region,37.88151,-122.36979,ccc4aregions,polygon average,CNRM-CM5,01012016,7618,ha,rcp45,L_mu
San Francisco Bay Area Region,37.88151,-122.36979,ccc4aregions,polygon average,CNRM-CM5,01012017,6138,ha,rcp45,L_mu
San Francisco Bay Area Region,37.88151,-122.36979,ccc4aregions,polygon average,CNRM-CM5,01012018,6540,ha,rcp45,L_mu
San Francisco Bay Area Region,37.88151,-122.36979,ccc4aregions,polygon average,CNRM-CM5,01012019,6054,ha,rcp45,L_mu
San Francisco Bay Area Region,37.88151,-122.36979,ccc4aregions,polygon average,CNRM-CM5,01012020,9676,ha,rcp45,L_mu
San Francisco Bay Area Region,37.88151,-122.36979,ccc4aregions,polygon average,CNRM-CM5,01012021,4236,ha,rcp45,L_mu
San Francisco Bay Area Region,37.88151,-122.36979,ccc4aregions,polygon average,CNRM-CM5,01012022,8217,ha,rcp45,L_mu
San Francisco Bay Area Region,37.88151,-122.36979,ccc4aregions,polygon average,CNRM-CM5,01012023,8604,ha,rcp45,L_mu
San Francisco Bay Area Region,37.88151,-122.36979,ccc4aregions,polygon average,CNRM-CM5,01012024,9557,ha,rcp45,L_mu
San Francisco Bay Area Region,37.88151,-122.36979,ccc4aregions,polygon average,CNRM-CM5,01012025,10505,ha,rcp45,L_mu
San Francisco Bay Area Region,37.88151,-122.36979,ccc4aregions,polygon average,CNRM-CM5,01012026,8449,ha,rcp45,L_mu
San Francisco Bay Area Region,37.88151,-122.36979,ccc4aregions,polygon average,CNRM-CM5,01012027,6283,ha,rcp45,L_mu
San Francisco Bay Area Region,37.88151,-122.36979,ccc4aregions,polygon average,CNRM-CM5,01012028,9623,ha,rcp45,L_mu
San Francisco Bay Area Region,37.88151,-122.36979,ccc4aregions,polygon average,CNRM-CM5,01012029,8819,ha,rcp45,L_mu
San Francisco Bay Area Region,37.88151,-122.36979,ccc4aregions,polygon average,CNRM-CM5,01012030,10541,ha,rcp45,L_mu
San Francisco Bay Area Region,37.88151,-122.36979,ccc4aregions,polygon average,CNRM-CM5,01012031,5959,ha,rcp45,L_mu
San Francisco Bay Area Region,37.88151,-122.36979,ccc4aregions,polygon average,CNRM-CM5,01012032,7965,ha,rcp45,L_mu
San Francisco Bay Area Region,37.88151,-122.36979,ccc4aregions,polygon average,CNRM-CM5,01012033,9249,ha,rcp45,L_mu
San Francisco Bay Area Region,37.88151,-122.36979,ccc4aregions,polygon average,CNRM-CM5,01012034,8279,ha,rcp45,L_mu
San Francisco Bay Area Region,37.88151,-122.36979,ccc4aregions,polygon average,CNRM-CM5,01012035,7748,ha,rcp45,L_mu
San Francisco Bay Area Region,37.88151,-122.36979,ccc4aregions,polygon average,CNRM-CM5,01012036,7961,ha,rcp45,L_mu
San Francisco Bay Area Region,37.88151,-122.36979,ccc4aregions,polygon average,CNRM-CM5,01012037,7097,ha,rcp45,L_mu
San Francisco Bay Area Region,37.88151,-122.36979,ccc4aregions,polygon average,CNRM-CM5,01012038,6877,ha,rcp45,L_mu
San Francisco Bay Area Region,37.88151,-122.36979,ccc4aregions,polygon average,CNRM-CM5,01012039,6395,ha,rcp45,L_mu
San Francisco Bay Area Region,37.88151,-122.36979,ccc4aregions,polygon average,CNRM-CM5,01012040,6891,ha,rcp45,L_mu
San Francisco Bay Area Region,37.88151,-122.36979,ccc4aregions,polygon average,CNRM-CM5,01012041,11465,ha,rcp45,L_mu
San Francisco Bay Area Region,37.88151,-122.36979,ccc4aregions,polygon average,CNRM-CM5,01012042,6709,ha,rcp45,L_mu
San Francisco Bay Area Region,37.88151,-122.36979,ccc4aregions,polygon average,CNRM-CM5,01012043,9135,ha,rcp45,L_mu
San Francisco Bay Area Region,37.88151,-122.36979,ccc4aregions,polygon average,CNRM-CM5,01012044,10087,ha,rcp45,L_mu
San Francisco Bay Area Region,37.88151,-122.36979,ccc4aregions,polygon average,CNRM-CM5,01012045,7057,ha,rcp45,L_mu
San Francisco Bay Area Region,37.88151,-122.36979,ccc4aregions,polygon average,CNRM-CM5,01012046,5780,ha,rcp45,L_mu
San Francisco Bay Area Region,37.88151,-122.36979,ccc4aregions,polygon average,CNRM-CM5,01012047,7193,ha,rcp45,L_mu
San Francisco Bay Area Region,37.88151,-122.36979,ccc4aregions,polygon average,CNRM-CM5,01012048,10161,ha,rcp45,L_mu
San Francisco Bay Area Region,37.88151,-122.36979,ccc4aregions,polygon average,CNRM-CM5,01012049,11083,ha,rcp45,L_mu
San Francisco Bay Area Region,37.88151,-122.36979,ccc4aregions,polygon average,CNRM-CM5,01012050,8362,ha,rcp45,L_mu
San Francisco Bay Area Region,37.88151,-122.36979,ccc4aregions,polygon average,CNRM-CM5,01012051,11585,ha,rcp45,L_mu
San Francisco Bay Area Region,37.88151,-122.36979,ccc4aregions,polygon average,CNRM-CM5,01012052,5994,ha,rcp45,L_mu
San Francisco Bay Area Region,37.88151,-122.36979,ccc4aregions,polygon average,CNRM-CM5,01012053,13429,ha,rcp45,L_mu
San Francisco Bay Area Region,37.88151,-122.36979,ccc4aregions,polygon average,CNRM-CM5,01012054,9271,ha,rcp45,L_mu
San Francisco Bay Area Region,37.88151,-122.36979,ccc4aregions,polygon average,CNRM-CM5,01012055,11807,ha,rcp45,L_mu
San Francisco Bay Area Region,37.88151,-122.36979,ccc4aregions,polygon average,CNRM-CM5,01012056,6799,ha,rcp45,L_mu
San Francisco Bay Area Region,37.88151,-122.36979,ccc4aregions,polygon average,CNRM-CM5,01012057,8151,ha,rcp45,L_mu
San Francisco Bay Area Region,37.88151,-122.36979,ccc4aregions,polygon average,CNRM-CM5,01012058,9548,ha,rcp45,L_mu
San Francisco Bay Area Region,37.88151,-122.36979,ccc4aregions,polygon average,CNRM-CM5,01012059,10022,ha,rcp45,L_mu
San Francisco Bay Area Region,37.88151,-122.36979,ccc4aregions,polygon average,CNRM-CM5,01012060,8255,ha,rcp45,L_mu
San Francisco Bay Area Region,37.88151,-122.36979,ccc4aregions,polygon average,CNRM-CM5,01012061,4218,ha,rcp45,L_mu
San Francisco Bay Area Region,37.88151,-122.36979,ccc4aregions,polygon average,CNRM-CM5,01012062,8615,ha,rcp45,L_mu
San Francisco Bay Area Region,37.88151,-122.36979,ccc4aregions,polygon average,CNRM-CM5,01012063,9987,ha,rcp45,L_mu
San Francisco Bay Area Region,37.88151,-122.36979,ccc4aregions,polygon average,CNRM-CM5,01012064,6108,ha,rcp45,L_mu
San Francisco Bay Area Region,37.88151,-122.36979,ccc4aregions,polygon average,CNRM-CM5,01012065,8950,ha,rcp45,L_mu
San Francisco Bay Area Region,37.88151,-122.36979,ccc4aregions,polygon average,CNRM-CM5,01012066,7875,ha,rcp45,L_mu
San Francisco Bay Area Region,37.88151,-122.36979,ccc4aregions,polygon average,CNRM-CM5,01012067,7489,ha,rcp45,L_mu
San Francisco Bay Area Region,37.88151,-122.36979,ccc4aregions,polygon average,CNRM-CM5,01012068,6866,ha,rcp45,L_mu
San Francisco Bay Area Region,37.88151,-122.36979,ccc4aregions,polygon average,CNRM-CM5,01012069,11879,ha,rcp45,L_mu
San Francisco Bay Area Region,37.88151,-122.36979,ccc4aregions,polygon average,CNRM-CM5,01012070,11693,ha,rcp45,L_mu
San Francisco Bay Area Region,37.88151,-122.36979,ccc4aregions,polygon average,CNRM-CM5,01012071,8680,ha,rcp45,L_mu
San Francisco Bay Area Region,37.88151,-122.36979,ccc4aregions,polygon average,CNRM-CM5,01012072,11261,ha,rcp45,L_mu
San Francisco Bay Area Region,37.88151,-122.36979,ccc4aregions,polygon average,CNRM-CM5,01012073,12146,ha,rcp45,L_mu
San Francisco Bay Area Region,37.88151,-122.36979,ccc4aregions,polygon average,CNRM-CM5,01012074,8313,ha,rcp45,L_mu
San Francisco Bay Area Region,37.88151,-122.36979,ccc4aregions,polygon average,CNRM-CM5,01012075,9078,ha,rcp45,L_mu
San Francisco Bay Area Region,37.88151,-122.36979,ccc4aregions,polygon average,CNRM-CM5,01012076,6166,ha,rcp45,L_mu
San Francisco Bay Area Region,37.88151,-122.36979,ccc4aregions,polygon average,CNRM-CM5,01012077,6404,ha,rcp45,L_mu
San Francisco Bay Area Region,37.88151,-122.36979,ccc4aregions,polygon average,CNRM-CM5,01012078,8483,ha,rcp45,L_mu
San Francisco Bay Area Region,37.88151,-122.36979,ccc4aregions,polygon average,CNRM-CM5,01012079,6571,ha,rcp45,L_mu
San Francisco Bay Area Region,37.88151,-122.36979,ccc4aregions,polygon average,CNRM-CM5,01012080,7472,ha,rcp45,L_mu
San Francisco Bay Area Region,37.88151,-122.36979,ccc4aregions,polygon average,CNRM-CM5,01012081,10691,ha,rcp45,L_mu
San Francisco Bay Area Region,37.88151,-122.36979,ccc4aregions,polygon average,CNRM-CM5,01012082,5286,ha,rcp45,L_mu
San Francisco Bay Area Region,37.88151,-122.36979,ccc4aregions,polygon average,CNRM-CM5,01012083,7422,ha,rcp45,L_mu
San Francisco Bay Area Region,37.88151,-122.36979,ccc4aregions,polygon average,CNRM-CM5,01012084,7043,ha,rcp45,L_mu
San Francisco Bay Area Region,37.88151,-122.36979,ccc4aregions,polygon average,CNRM-CM5,01012085,9500,ha,rcp45,L_mu
San Francisco Bay Area Region,37.88151,-122.36979,ccc4aregions,polygon average,CNRM-CM5,01012086,8954,ha,rcp45,L_mu
San Francisco Bay Area Region,37.88151,-122.36979,ccc4aregions,polygon average,CNRM-CM5,01012087,8919,ha,rcp45,L_mu
San Francisco Bay Area Region,37.88151,-122.36979,ccc4aregions,polygon average,CNRM-CM5,01012088,8384,ha,rcp45,L_mu
San Francisco Bay Area Region,37.88151,-122.36979,ccc4aregions,polygon average,CNRM-CM5,01012089,6876,ha,rcp45,L_mu
San Francisco Bay Area Region,37.88151,-122.36979,ccc4aregions,polygon average,CNRM-CM5,01012090,8140,ha,rcp45,L_mu
San Francisco Bay Area Region,37.88151,-122.36979,ccc4aregions,polygon average,CNRM-CM5,01012091,6897,ha,rcp45,L_mu
San Francisco Bay Area Region,37.88151,-122.36979,ccc4aregions,polygon average,CNRM-CM5,01012092,6291,ha,rcp45,L_mu
San Francisco Bay Area Region,37.88151,-122.36979,ccc4aregions,polygon average,CNRM-CM5,01012093,8630,ha,rcp45,L_mu
San Francisco Bay Area Region,37.88151,-122.36979,ccc4aregions,polygon average,CNRM-CM5,01012094,9585,ha,rcp45,L_mu
San Francisco Bay Area Region,37.88151,-122.36979,ccc4aregions,polygon average,CNRM-CM5,01012095,12340,ha,rcp45,L_mu
San Francisco Bay Area Region,37.88151,-122.36979,ccc4aregions,polygon average,CNRM-CM5,01012096,8615,ha,rcp45,L_mu
San Francisco Bay Area Region,37.88151,-122.36979,ccc4aregions,polygon average,CNRM-CM5,01012097,10085,ha,rcp45,L_mu
San Francisco Bay Area Region,37.88151,-122.36979,ccc4aregions,polygon average,CNRM-CM5,01012098,5976,ha,rcp45,L_mu
San Francisco Bay Area Region,37.88151,-122.36979,ccc4aregions,polygon average,CNRM-CM5,01012099,11701,ha,rcp45,L_mu
San Francisco Bay Area Region,37.88151,-122.36979,ccc4aregions,polygon average,CNRM-CM5,01012100,6103,ha,rcp45,L_mu
San Francisco Bay Area Region,37.88151,-122.36979,ccc4aregions,polygon average,HadGEM2-ES,01011954,7015,ha,rcp45,L_mu
San Francisco Bay Area Region,37.88151,-122.36979,ccc4aregions,polygon average,HadGEM2-ES,01011955,5878,ha,rcp45,L_mu
San Francisco Bay Area Region,37.88151,-122.36979,ccc4aregions,polygon average,HadGEM2-ES,01011956,6719,ha,rcp45,L_mu
San Francisco Bay Area Region,37.88151,-122.36979,ccc4aregions,polygon average,HadGEM2-ES,01011957,7716,ha,rcp45,L_mu
San Francisco Bay Area Region,37.88151,-122.36979,ccc4aregions,polygon average,HadGEM2-ES,01011958,9952,ha,rcp45,L_mu
San Francisco Bay Area Region,37.88151,-122.36979,ccc4aregions,polygon average,HadGEM2-ES,01011959,7691,ha,rcp45,L_mu
San Francisco Bay Area Region,37.88151,-122.36979,ccc4aregions,polygon average,HadGEM2-ES,01011960,8216,ha,rcp45,L_mu
San Francisco Bay Area Region,37.88151,-122.36979,ccc4aregions,polygon average,HadGEM2-ES,01011961,6608,ha,rcp45,L_mu
San Francisco Bay Area Region,37.88151,-122.36979,ccc4aregions,polygon average,HadGEM2-ES,01011962,12586,ha,rcp45,L_mu
San Francisco Bay Area Region,37.88151,-122.36979,ccc4aregions,polygon average,HadGEM2-ES,01011963,5866,ha,rcp45,L_mu
San Francisco Bay Area Region,37.88151,-122.36979,ccc4aregions,polygon average,HadGEM2-ES,01011964,6183,ha,rcp45,L_mu
San Francisco Bay Area Region,37.88151,-122.36979,ccc4aregions,polygon average,HadGEM2-ES,01011965,8622,ha,rcp45,L_mu
San Francisco Bay Area Region,37.88151,-122.36979,ccc4aregions,polygon average,HadGEM2-ES,01011966,8925,ha,rcp45,L_mu
San Francisco Bay Area Region,37.88151,-122.36979,ccc4aregions,polygon average,HadGEM2-ES,01011967,11580,ha,rcp45,L_mu
San Francisco Bay Area Region,37.88151,-122.36979,ccc4aregions,polygon average,HadGEM2-ES,01011968,5119,ha,rcp45,L_mu
San Francisco Bay Area Region,37.88151,-122.36979,ccc4aregions,polygon average,HadGEM2-ES,01011969,6944,ha,rcp45,L_mu
San Francisco Bay Area Region,37.88151,-122.36979,ccc4aregions,polygon average,HadGEM2-ES,01011970,5037,ha,rcp45,L_mu
San Francisco Bay Area Region,37.88151,-122.36979,ccc4aregions,polygon average,HadGEM2-ES,01011971,6774,ha,rcp45,L_mu
San Francisco Bay Area Region,37.88151,-122.36979,ccc4aregions,polygon average,HadGEM2-ES,01011972,9090,ha,rcp45,L_mu
San Francisco Bay Area Region,37.88151,-122.36979,ccc4aregions,polygon average,HadGEM2-ES,01011973,11723,ha,rcp45,L_mu
San Francisco Bay Area Region,37.88151,-122.36979,ccc4aregions,polygon average,HadGEM2-ES,01011974,6379,ha,rcp45,L_mu
San Francisco Bay Area Region,37.88151,-122.36979,ccc4aregions,polygon average,HadGEM2-ES,01011975,7821,ha,rcp45,L_mu
San Francisco Bay Area Region,37.88151,-122.36979,ccc4aregions,polygon average,HadGEM2-ES,01011976,7071,ha,rcp45,L_mu
San Francisco Bay Area Region,37.88151,-122.36979,ccc4aregions,polygon average,HadGEM2-ES,01011977,6234,ha,rcp45,L_mu
San Francisco Bay Area Region,37.88151,-122.36979,ccc4aregions,polygon average,HadGEM2-ES,01011978,6135,ha,rcp45,L_mu
San Francisco Bay Area Region,37.88151,-122.36979,ccc4aregions,polygon average,HadGEM2-ES,01011979,6566,ha,rcp45,L_mu
San Francisco Bay Area Region,37.88151,-122.36979,ccc4aregions,polygon average,HadGEM2-ES,01011980,5490,ha,rcp45,L_mu
San Francisco Bay Area Region,37.88151,-122.36979,ccc4aregions,polygon average,HadGEM2-ES,01011981,7868,ha,rcp45,L_mu
San Francisco Bay Area Region,37.88151,-122.36979,ccc4aregions,polygon average,HadGEM2-ES,01011982,6435,ha,rcp45,L_mu
San Francisco Bay Area Region,37.88151,-122.36979,ccc4aregions,polygon average,HadGEM2-ES,01011983,8898,ha,rcp45,L_mu
San Francisco Bay Area Region,37.88151,-122.36979,ccc4aregions,polygon average,HadGEM2-ES,01011984,6919,ha,rcp45,L_mu
San Francisco Bay Area Region,37.88151,-122.36979,ccc4aregions,polygon average,HadGEM2-ES,01011985,5643,ha,rcp45,L_mu
San Francisco Bay Area Region,37.88151,-122.36979,ccc4aregions,polygon average,HadGEM2-ES,01011986,6079,ha,rcp45,L_mu
San Francisco Bay Area Region,37.88151,-122.36979,ccc4aregions,polygon average,HadGEM2-ES,01011987,9182,ha,rcp45,L_mu
San Francisco Bay Area Region,37.88151,-122.36979,ccc4aregions,polygon average,HadGEM2-ES,01011988,6060,ha,rcp45,L_mu
San Francisco Bay Area Region,37.88151,-122.36979,ccc4aregions,polygon average,HadGEM2-ES,01011989,7787,ha,rcp45,L_mu
San Francisco Bay Area Region,37.88151,-122.36979,ccc4aregions,polygon average,HadGEM2-ES,01011990,6129,ha,rcp45,L_mu
San Francisco Bay Area Region,37.88151,-122.36979,ccc4aregions,polygon average,HadGEM2-ES,01011991,8041,ha,rcp45,L_mu
San Francisco Bay Area Region,37.88151,-122.36979,ccc4aregions,polygon average,HadGEM2-ES,01011992,8658,ha,rcp45,L_mu
San Francisco Bay Area Region,37.88151,-122.36979,ccc4aregions,polygon average,HadGEM2-ES,01011993,6668,ha,rcp45,L_mu
San Francisco Bay Area Region,37.88151,-122.36979,ccc4aregions,polygon average,HadGEM2-ES,01011994,7497,ha,rcp45,L_mu
San Francisco Bay Area Region,37.88151,-122.36979,ccc4aregions,polygon average,HadGEM2-ES,01011995,7447,ha,rcp45,L_mu
San Francisco Bay Area Region,37.88151,-122.36979,ccc4aregions,polygon average,HadGEM2-ES,01011996,4635,ha,rcp45,L_mu
San Francisco Bay Area Region,37.88151,-122.36979,ccc4aregions,polygon average,HadGEM2-ES,01011997,5653,ha,rcp45,L_mu
San Francisco Bay Area Region,37.88151,-122.36979,ccc4aregions,polygon average,HadGEM2-ES,01011998,8082,ha,rcp45,L_mu
San Francisco Bay Area Region,37.88151,-122.36979,ccc4aregions,polygon average,HadGEM2-ES,01011999,6614,ha,rcp45,L_mu
San Francisco Bay Area Region,37.88151,-122.36979,ccc4aregions,polygon average,HadGEM2-ES,01012000,8629,ha,rcp45,L_mu
San Francisco Bay Area Region,37.88151,-122.36979,ccc4aregions,polygon average,HadGEM2-ES,01012001,5499,ha,rcp45,L_mu
San Francisco Bay Area Region,37.88151,-122.36979,ccc4aregions,polygon average,HadGEM2-ES,01012002,6935,ha,rcp45,L_mu
San Francisco Bay Area Region,37.88151,-122.36979,ccc4aregions,polygon average,HadGEM2-ES,01012003,11531,ha,rcp45,L_mu
San Francisco Bay Area Region,37.88151,-122.36979,ccc4aregions,polygon average,HadGEM2-ES,01012004,10529,ha,rcp45,L_mu
San Francisco Bay Area Region,37.88151,-122.36979,ccc4aregions,polygon average,HadGEM2-ES,01012005,8220,ha,rcp45,L_mu
San Francisco Bay Area Region,37.88151,-122.36979,ccc4aregions,polygon average,HadGEM2-ES,01012006,7375,ha,rcp45,L_mu
San Francisco Bay Area Region,37.88151,-122.36979,ccc4aregions,polygon average,HadGEM2-ES,01012007,10437,ha,rcp45,L_mu
San Francisco Bay Area Region,37.88151,-122.36979,ccc4aregions,polygon average,HadGEM2-ES,01012008,9384,ha,rcp45,L_mu
San Francisco Bay Area Region,37.88151,-122.36979,ccc4aregions,polygon average,HadGEM2-ES,01012009,7643,ha,rcp45,L_mu
San Francisco Bay Area Region,37.88151,-122.36979,ccc4aregions,polygon average,HadGEM2-ES,01012010,7389,ha,rcp45,L_mu
San Francisco Bay Area Region,37.88151,-122.36979,ccc4aregions,polygon average,HadGEM2-ES,01012011,8568,ha,rcp45,L_mu
San Francisco Bay Area Region,37.88151,-122.36979,ccc4aregions,polygon average,HadGEM2-ES,01012012,8003,ha,rcp45,L_mu
San Francisco Bay Area Region,37.88151,-122.36979,ccc4aregions,polygon average,HadGEM2-ES,01012013,7702,ha,rcp45,L_mu
San Francisco Bay Area Region,37.88151,-122.36979,ccc4aregions,polygon average,HadGEM2-ES,01012014,7295,ha,rcp45,L_mu
San Francisco Bay Area Region,37.88151,-122.36979,ccc4aregions,polygon average,HadGEM2-ES,01012015,7402,ha,rcp45,L_mu
San Francisco Bay Area Region,37.88151,-122.36979,ccc4aregions,polygon average,HadGEM2-ES,01012016,6426,ha,rcp45,L_mu
San Francisco Bay Area Region,37.88151,-122.36979,ccc4aregions,polygon average,HadGEM2-ES,01012017,6342,ha,rcp45,L_mu
San Francisco Bay Area Region,37.88151,-122.36979,ccc4aregions,polygon average,HadGEM2-ES,01012018,7043,ha,rcp45,L_mu
San Francisco Bay Area Region,37.88151,-122.36979,ccc4aregions,polygon average,HadGEM2-ES,01012019,7452,ha,rcp45,L_mu
San Francisco Bay Area Region,37.88151,-122.36979,ccc4aregions,polygon average,HadGEM2-ES,01012020,8291,ha,rcp45,L_mu
San Francisco Bay Area Region,37.88151,-122.36979,ccc4aregions,polygon average,HadGEM2-ES,01012021,7564,ha,rcp45,L_mu
San Francisco Bay Area Region,37.88151,-122.36979,ccc4aregions,polygon average,HadGEM2-ES,01012022,9661,ha,rcp45,L_mu
San Francisco Bay Area Region,37.88151,-122.36979,ccc4aregions,polygon average,HadGEM2-ES,01012023,7594,ha,rcp45,L_mu
San Francisco Bay Area Region,37.88151,-122.36979,ccc4aregions,polygon average,HadGEM2-ES,01012024,5850,ha,rcp45,L_mu
San Francisco Bay Area Region,37.88151,-122.36979,ccc4aregions,polygon average,HadGEM2-ES,01012025,7525,ha,rcp45,L_mu
San Francisco Bay Area Region,37.88151,-122.36979,ccc4aregions,polygon average,HadGEM2-ES,01012026,9160,ha,rcp45,L_mu
San Francisco Bay Area Region,37.88151,-122.36979,ccc4aregions,polygon average,HadGEM2-ES,01012027,12274,ha,rcp45,L_mu
San Francisco Bay Area Region,37.88151,-122.36979,ccc4aregions,polygon average,HadGEM2-ES,01012028,14530,ha,rcp45,L_mu
San Francisco Bay Area Region,37.88151,-122.36979,ccc4aregions,polygon average,HadGEM2-ES,01012029,5956,ha,rcp45,L_mu
San Francisco Bay Area Region,37.88151,-122.36979,ccc4aregions,polygon average,HadGEM2-ES,01012030,7489,ha,rcp45,L_mu
San Francisco Bay Area Region,37.88151,-122.36979,ccc4aregions,polygon average,HadGEM2-ES,01012031,9351,ha,rcp45,L_mu
San Francisco Bay Area Region,37.88151,-122.36979,ccc4aregions,polygon average,HadGEM2-ES,01012032,6787,ha,rcp45,L_mu
San Francisco Bay Area Region,37.88151,-122.36979,ccc4aregions,polygon average,HadGEM2-ES,01012033,8096,ha,rcp45,L_mu
San Francisco Bay Area Region,37.88151,-122.36979,ccc4aregions,polygon average,HadGEM2-ES,01012034,7451,ha,rcp45,L_mu
San Francisco Bay Area Region,37.88151,-122.36979,ccc4aregions,polygon average,HadGEM2-ES,01012035,12537,ha,rcp45,L_mu
San Francisco Bay Area Region,37.88151,-122.36979,ccc4aregions,polygon average,HadGEM2-ES,01012036,9063,ha,rcp45,L_mu
San Francisco Bay Area Region,37.88151,-122.36979,ccc4aregions,polygon average,HadGEM2-ES,01012037,10041,ha,rcp45,L_mu
San Francisco Bay Area Region,37.88151,-122.36979,ccc4aregions,polygon average,HadGEM2-ES,01012038,7222,ha,rcp45,L_mu
San Francisco Bay Area Region,37.88151,-122.36979,ccc4aregions,polygon average,HadGEM2-ES,01012039,7940,ha,rcp45,L_mu
San Francisco Bay Area Region,37.88151,-122.36979,ccc4aregions,polygon average,HadGEM2-ES,01012040,11168,ha,rcp45,L_mu
San Francisco Bay Area Region,37.88151,-122.36979,ccc4aregions,polygon average,HadGEM2-ES,01012041,9889,ha,rcp45,L_mu
San Francisco Bay Area Region,37.88151,-122.36979,ccc4aregions,polygon average,HadGEM2-ES,01012042,7714,ha,rcp45,L_mu
San Francisco Bay Area Region,37.88151,-122.36979,ccc4aregions,polygon average,HadGEM2-ES,01012043,9081,ha,rcp45,L_mu
San Francisco Bay Area Region,37.88151,-122.36979,ccc4aregions,polygon average,HadGEM2-ES,01012044,9267,ha,rcp45,L_mu
San Francisco Bay Area Region,37.88151,-122.36979,ccc4aregions,polygon average,HadGEM2-ES,01012045,9768,ha,rcp45,L_mu
San Francisco Bay Area Region,37.88151,-122.36979,ccc4aregions,polygon average,HadGEM2-ES,01012046,6051,ha,rcp45,L_mu
San Francisco Bay Area Region,37.88151,-122.36979,ccc4aregions,polygon average,HadGEM2-ES,01012047,7148,ha,rcp45,L_mu
San Francisco Bay Area Region,37.88151,-122.36979,ccc4aregions,polygon average,HadGEM2-ES,01012048,8909,ha,rcp45,L_mu
San Francisco Bay Area Region,37.88151,-122.36979,ccc4aregions,polygon average,HadGEM2-ES,01012049,10525,ha,rcp45,L_mu
San Francisco Bay Area Region,37.88151,-122.36979,ccc4aregions,polygon average,HadGEM2-ES,01012050,8483,ha,rcp45,L_mu
San Francisco Bay Area Region,37.88151,-122.36979,ccc4aregions,polygon average,HadGEM2-ES,01012051,10613,ha,rcp45,L_mu
San Francisco Bay Area Region,37.88151,-122.36979,ccc4aregions,polygon average,HadGEM2-ES,01012052,11727,ha,rcp45,L_mu
San Francisco Bay Area Region,37.88151,-122.36979,ccc4aregions,polygon average,HadGEM2-ES,01012053,6400,ha,rcp45,L_mu
San Francisco Bay Area Region,37.88151,-122.36979,ccc4aregions,polygon average,HadGEM2-ES,01012054,6895,ha,rcp45,L_mu
San Francisco Bay Area Region,37.88151,-122.36979,ccc4aregions,polygon average,HadGEM2-ES,01012055,9060,ha,rcp45,L_mu
San Francisco Bay Area Region,37.88151,-122.36979,ccc4aregions,polygon average,HadGEM2-ES,01012056,7853,ha,rcp45,L_mu
San Francisco Bay Area Region,37.88151,-122.36979,ccc4aregions,polygon average,HadGEM2-ES,01012057,6188,ha,rcp45,L_mu
San Francisco Bay Area Region,37.88151,-122.36979,ccc4aregions,polygon average,HadGEM2-ES,01012058,8030,ha,rcp45,L_mu
San Francisco Bay Area Region,37.88151,-122.36979,ccc4aregions,polygon average,HadGEM2-ES,01012059,7496,ha,rcp45,L_mu
San Francisco Bay Area Region,37.88151,-122.36979,ccc4aregions,polygon average,HadGEM2-ES,01012060,10563,ha,rcp45,L_mu
San Francisco Bay Area Region,37.88151,-122.36979,ccc4aregions,polygon average,HadGEM2-ES,01012061,7470,ha,rcp45,L_mu
San Francisco Bay Area Region,37.88151,-122.36979,ccc4aregions,polygon average,HadGEM2-ES,01012062,10195,ha,rcp45,L_mu
San Francisco Bay Area Region,37.88151,-122.36979,ccc4aregions,polygon average,HadGEM2-ES,01012063,9934,ha,rcp45,L_mu
San Francisco Bay Area Region,37.88151,-122.36979,ccc4aregions,polygon average,HadGEM2-ES,01012064,8020,ha,rcp45,L_mu
San Francisco Bay Area Region,37.88151,-122.36979,ccc4aregions,polygon average,HadGEM2-ES,01012065,14040,ha,rcp45,L_mu
San Francisco Bay Area Region,37.88151,-122.36979,ccc4aregions,polygon average,HadGEM2-ES,01012066,8578,ha,rcp45,L_mu
San Francisco Bay Area Region,37.88151,-122.36979,ccc4aregions,polygon average,HadGEM2-ES,01012067,10261,ha,rcp45,L_mu
San Francisco Bay Area Region,37.88151,-122.36979,ccc4aregions,polygon average,HadGEM2-ES,01012068,11495,ha,rcp45,L_mu
San Francisco Bay Area Region,37.88151,-122.36979,ccc4aregions,polygon average,HadGEM2-ES,01012069,8159,ha,rcp45,L_mu
San Francisco Bay Area Region,37.88151,-122.36979,ccc4aregions,polygon average,HadGEM2-ES,01012070,8538,ha,rcp45,L_mu
San Francisco Bay Area Region,37.88151,-122.36979,ccc4aregions,polygon average,HadGEM2-ES,01012071,7126,ha,rcp45,L_mu
San Francisco Bay Area Region,37.88151,-122.36979,ccc4aregions,polygon average,HadGEM2-ES,01012072,10984,ha,rcp45,L_mu
San Francisco Bay Area Region,37.88151,-122.36979,ccc4aregions,polygon average,HadGEM2-ES,01012073,10488,ha,rcp45,L_mu
San Francisco Bay Area Region,37.88151,-122.36979,ccc4aregions,polygon average,HadGEM2-ES,01012074,7346,ha,rcp45,L_mu
San Francisco Bay Area Region,37.88151,-122.36979,ccc4aregions,polygon average,HadGEM2-ES,01012075,7548,ha,rcp45,L_mu
San Francisco Bay Area Region,37.88151,-122.36979,ccc4aregions,polygon average,HadGEM2-ES,01012076,8486,ha,rcp45,L_mu
San Francisco Bay Area Region,37.88151,-122.36979,ccc4aregions,polygon average,HadGEM2-ES,01012077,5570,ha,rcp45,L_mu
San Francisco Bay Area Region,37.88151,-122.36979,ccc4aregions,polygon average,HadGEM2-ES,01012078,6851,ha,rcp45,L_mu
San Francisco Bay Area Region,37.88151,-122.36979,ccc4aregions,polygon average,HadGEM2-ES,01012079,7948,ha,rcp45,L_mu
San Francisco Bay Area Region,37.88151,-122.36979,ccc4aregions,polygon average,HadGEM2-ES,01012080,6546,ha,rcp45,L_mu
San Francisco Bay Area Region,37.88151,-122.36979,ccc4aregions,polygon average,HadGEM2-ES,01012081,5511,ha,rcp45,L_mu
San Francisco Bay Area Region,37.88151,-122.36979,ccc4aregions,polygon average,HadGEM2-ES,01012082,12300,ha,rcp45,L_mu
San Francisco Bay Area Region,37.88151,-122.36979,ccc4aregions,polygon average,HadGEM2-ES,01012083,10287,ha,rcp45,L_mu
San Francisco Bay Area Region,37.88151,-122.36979,ccc4aregions,polygon average,HadGEM2-ES,01012084,11882,ha,rcp45,L_mu
San Francisco Bay Area Region,37.88151,-122.36979,ccc4aregions,polygon average,HadGEM2-ES,01012085,7490,ha,rcp45,L_mu
San Francisco Bay Area Region,37.88151,-122.36979,ccc4aregions,polygon average,HadGEM2-ES,01012086,12150,ha,rcp45,L_mu
San Francisco Bay Area Region,37.88151,-122.36979,ccc4aregions,polygon average,HadGEM2-ES,01012087,15980,ha,rcp45,L_mu
San Francisco Bay Area Region,37.88151,-122.36979,ccc4aregions,polygon average,HadGEM2-ES,01012088,11227,ha,rcp45,L_mu
San Francisco Bay Area Region,37.88151,-122.36979,ccc4aregions,polygon average,HadGEM2-ES,01012089,5304,ha,rcp45,L_mu
San Francisco Bay Area Region,37.88151,-122.36979,ccc4aregions,polygon average,HadGEM2-ES,01012090,9006,ha,rcp45,L_mu
San Francisco Bay Area Region,37.88151,-122.36979,ccc4aregions,polygon average,HadGEM2-ES,01012091,11523,ha,rcp45,L_mu
San Francisco Bay Area Region,37.88151,-122.36979,ccc4aregions,polygon average,HadGEM2-ES,01012092,10094,ha,rcp45,L_mu
San Francisco Bay Area Region,37.88151,-122.36979,ccc4aregions,polygon average,HadGEM2-ES,01012093,7697,ha,rcp45,L_mu
San Francisco Bay Area Region,37.88151,-122.36979,ccc4aregions,polygon average,HadGEM2-ES,01012094,5761,ha,rcp45,L_mu
San Francisco Bay Area Region,37.88151,-122.36979,ccc4aregions,polygon average,HadGEM2-ES,01012095,13291,ha,rcp45,L_mu
San Francisco Bay Area Region,37.88151,-122.36979,ccc4aregions,polygon average,HadGEM2-ES,01012096,8677,ha,rcp45,L_mu
San Francisco Bay Area Region,37.88151,-122.36979,ccc4aregions,polygon average,HadGEM2-ES,01012097,8919,ha,rcp45,L_mu
San Francisco Bay Area Region,37.88151,-122.36979,ccc4aregions,polygon average,HadGEM2-ES,01012098,10467,ha,rcp45,L_mu
San Francisco Bay Area Region,37.88151,-122.36979,ccc4aregions,polygon average,HadGEM2-ES,01012099,6709,ha,rcp45,L_mu
San Francisco Bay Area Region,37.88151,-122.36979,ccc4aregions,polygon average,HadGEM2-ES,01012100,5830,ha,rcp45,L_mu
San Francisco Bay Area Region,37.88151,-122.36979,ccc4aregions,polygon average,MIROC5,01011954,10590,ha,rcp45,L_mu
San Francisco Bay Area Region,37.88151,-122.36979,ccc4aregions,polygon average,MIROC5,01011955,6643,ha,rcp45,L_mu
San Francisco Bay Area Region,37.88151,-122.36979,ccc4aregions,polygon average,MIROC5,01011956,11418,ha,rcp45,L_mu
San Francisco Bay Area Region,37.88151,-122.36979,ccc4aregions,polygon average,MIROC5,01011957,7529,ha,rcp45,L_mu
San Francisco Bay Area Region,37.88151,-122.36979,ccc4aregions,polygon average,MIROC5,01011958,9138,ha,rcp45,L_mu
San Francisco Bay Area Region,37.88151,-122.36979,ccc4aregions,polygon average,MIROC5,01011959,5012,ha,rcp45,L_mu
San Francisco Bay Area Region,37.88151,-122.36979,ccc4aregions,polygon average,MIROC5,01011960,7758,ha,rcp45,L_mu
San Francisco Bay Area Region,37.88151,-122.36979,ccc4aregions,polygon average,MIROC5,01011961,6239,ha,rcp45,L_mu
San Francisco Bay Area Region,37.88151,-122.36979,ccc4aregions,polygon average,MIROC5,01011962,5392,ha,rcp45,L_mu
San Francisco Bay Area Region,37.88151,-122.36979,ccc4aregions,polygon average,MIROC5,01011963,13556,ha,rcp45,L_mu
San Francisco Bay Area Region,37.88151,-122.36979,ccc4aregions,polygon average,MIROC5,01011964,7891,ha,rcp45,L_mu
San Francisco Bay Area Region,37.88151,-122.36979,ccc4aregions,polygon average,MIROC5,01011965,11648,ha,rcp45,L_mu
San Francisco Bay Area Region,37.88151,-122.36979,ccc4aregions,polygon average,MIROC5,01011966,5461,ha,rcp45,L_mu
San Francisco Bay Area Region,37.88151,-122.36979,ccc4aregions,polygon average,MIROC5,01011967,6521,ha,rcp45,L_mu
San Francisco Bay Area Region,37.88151,-122.36979,ccc4aregions,polygon average,MIROC5,01011968,7992,ha,rcp45,L_mu
San Francisco Bay Area Region,37.88151,-122.36979,ccc4aregions,polygon average,MIROC5,01011969,8796,ha,rcp45,L_mu
San Francisco Bay Area Region,37.88151,-122.36979,ccc4aregions,polygon average,MIROC5,01011970,6553,ha,rcp45,L_mu
San Francisco Bay Area Region,37.88151,-122.36979,ccc4aregions,polygon average,MIROC5,01011971,9710,ha,rcp45,L_mu
San Francisco Bay Area Region,37.88151,-122.36979,ccc4aregions,polygon average,MIROC5,01011972,6680,ha,rcp45,L_mu
San Francisco Bay Area Region,37.88151,-122.36979,ccc4aregions,polygon average,MIROC5,01011973,9798,ha,rcp45,L_mu
San Francisco Bay Area Region,37.88151,-122.36979,ccc4aregions,polygon average,MIROC5,01011974,7615,ha,rcp45,L_mu
San Francisco Bay Area Region,37.88151,-122.36979,ccc4aregions,polygon average,MIROC5,01011975,6491,ha,rcp45,L_mu
San Francisco Bay Area Region,37.88151,-122.36979,ccc4aregions,polygon average,MIROC5,01011976,6415,ha,rcp45,L_mu
San Francisco Bay Area Region,37.88151,-122.36979,ccc4aregions,polygon average,MIROC5,01011977,4819,ha,rcp45,L_mu
San Francisco Bay Area Region,37.88151,-122.36979,ccc4aregions,polygon average,MIROC5,01011978,6920,ha,rcp45,L_mu
San Francisco Bay Area Region,37.88151,-122.36979,ccc4aregions,polygon average,MIROC5,01011979,8012,ha,rcp45,L_mu
San Francisco Bay Area Region,37.88151,-122.36979,ccc4aregions,polygon average,MIROC5,01011980,5405,ha,rcp45,L_mu
San Francisco Bay Area Region,37.88151,-122.36979,ccc4aregions,polygon average,MIROC5,01011981,6104,ha,rcp45,L_mu
San Francisco Bay Area Region,37.88151,-122.36979,ccc4aregions,polygon average,MIROC5,01011982,6845,ha,rcp45,L_mu
San Francisco Bay Area Region,37.88151,-122.36979,ccc4aregions,polygon average,MIROC5,01011983,7317,ha,rcp45,L_mu
San Francisco Bay Area Region,37.88151,-122.36979,ccc4aregions,polygon average,MIROC5,01011984,7393,ha,rcp45,L_mu
San Francisco Bay Area Region,37.88151,-122.36979,ccc4aregions,polygon average,MIROC5,01011985,10300,ha,rcp45,L_mu
San Francisco Bay Area Region,37.88151,-122.36979,ccc4aregions,polygon average,MIROC5,01011986,6008,ha,rcp45,L_mu
San Francisco Bay Area Region,37.88151,-122.36979,ccc4aregions,polygon average,MIROC5,01011987,9572,ha,rcp45,L_mu
San Francisco Bay Area Region,37.88151,-122.36979,ccc4aregions,polygon average,MIROC5,01011988,7292,ha,rcp45,L_mu
San Francisco Bay Area Region,37.88151,-122.36979,ccc4aregions,polygon average,MIROC5,01011989,8653,ha,rcp45,L_mu
San Francisco Bay Area Region,37.88151,-122.36979,ccc4aregions,polygon average,MIROC5,01011990,8184,ha,rcp45,L_mu
San Francisco Bay Area Region,37.88151,-122.36979,ccc4aregions,polygon average,MIROC5,01011991,5329,ha,rcp45,L_mu
San Francisco Bay Area Region,37.88151,-122.36979,ccc4aregions,polygon average,MIROC5,01011992,5551,ha,rcp45,L_mu
San Francisco Bay Area Region,37.88151,-122.36979,ccc4aregions,polygon average,MIROC5,01011993,6978,ha,rcp45,L_mu
San Francisco Bay Area Region,37.88151,-122.36979,ccc4aregions,polygon average,MIROC5,01011994,5346,ha,rcp45,L_mu
San Francisco Bay Area Region,37.88151,-122.36979,ccc4aregions,polygon average,MIROC5,01011995,9440,ha,rcp45,L_mu
San Francisco Bay Area Region,37.88151,-122.36979,ccc4aregions,polygon average,MIROC5,01011996,8558,ha,rcp45,L_mu
San Francisco Bay Area Region,37.88151,-122.36979,ccc4aregions,polygon average,MIROC5,01011997,8648,ha,rcp45,L_mu
San Francisco Bay Area Region,37.88151,-122.36979,ccc4aregions,polygon average,MIROC5,01011998,7271,ha,rcp45,L_mu
San Francisco Bay Area Region,37.88151,-122.36979,ccc4aregions,polygon average,MIROC5,01011999,6426,ha,rcp45,L_mu
San Francisco Bay Area Region,37.88151,-122.36979,ccc4aregions,polygon average,MIROC5,01012000,6367,ha,rcp45,L_mu
San Francisco Bay Area Region,37.88151,-122.36979,ccc4aregions,polygon average,MIROC5,01012001,10045,ha,rcp45,L_mu
San Francisco Bay Area Region,37.88151,-122.36979,ccc4aregions,polygon average,MIROC5,01012002,10072,ha,rcp45,L_mu
San Francisco Bay Area Region,37.88151,-122.36979,ccc4aregions,polygon average,MIROC5,01012003,11207,ha,rcp45,L_mu
San Francisco Bay Area Region,37.88151,-122.36979,ccc4aregions,polygon average,MIROC5,01012004,8614,ha,rcp45,L_mu
San Francisco Bay Area Region,37.88151,-122.36979,ccc4aregions,polygon average,MIROC5,01012005,5908,ha,rcp45,L_mu
San Francisco Bay Area Region,37.88151,-122.36979,ccc4aregions,polygon average,MIROC5,01012006,7468,ha,rcp45,L_mu
San Francisco Bay Area Region,37.88151,-122.36979,ccc4aregions,polygon average,MIROC5,01012007,10808,ha,rcp45,L_mu
San Francisco Bay Area Region,37.88151,-122.36979,ccc4aregions,polygon average,MIROC5,01012008,10501,ha,rcp45,L_mu
San Francisco Bay Area Region,37.88151,-122.36979,ccc4aregions,polygon average,MIROC5,01012009,9802,ha,rcp45,L_mu
San Francisco Bay Area Region,37.88151,-122.36979,ccc4aregions,polygon average,MIROC5,01012010,6100,ha,rcp45,L_mu
San Francisco Bay Area Region,37.88151,-122.36979,ccc4aregions,polygon average,MIROC5,01012011,6646,ha,rcp45,L_mu
San Francisco Bay Area Region,37.88151,-122.36979,ccc4aregions,polygon average,MIROC5,01012012,6260,ha,rcp45,L_mu
San Francisco Bay Area Region,37.88151,-122.36979,ccc4aregions,polygon average,MIROC5,01012013,10795,ha,rcp45,L_mu
San Francisco Bay Area Region,37.88151,-122.36979,ccc4aregions,polygon average,MIROC5,01012014,8219,ha,rcp45,L_mu
San Francisco Bay Area Region,37.88151,-122.36979,ccc4aregions,polygon average,MIROC5,01012015,6021,ha,rcp45,L_mu
San Francisco Bay Area Region,37.88151,-122.36979,ccc4aregions,polygon average,MIROC5,01012016,7276,ha,rcp45,L_mu
San Francisco Bay Area Region,37.88151,-122.36979,ccc4aregions,polygon average,MIROC5,01012017,7522,ha,rcp45,L_mu
San Francisco Bay Area Region,37.88151,-122.36979,ccc4aregions,polygon average,MIROC5,01012018,11173,ha,rcp45,L_mu
San Francisco Bay Area Region,37.88151,-122.36979,ccc4aregions,polygon average,MIROC5,01012019,9920,ha,rcp45,L_mu
San Francisco Bay Area Region,37.88151,-122.36979,ccc4aregions,polygon average,MIROC5,01012020,9490,ha,rcp45,L_mu
San Francisco Bay Area Region,37.88151,-122.36979,ccc4aregions,polygon average,MIROC5,01012021,6432,ha,rcp45,L_mu
San Francisco Bay Area Region,37.88151,-122.36979,ccc4aregions,polygon average,MIROC5,01012022,5419,ha,rcp45,L_mu
San Francisco Bay Area Region,37.88151,-122.36979,ccc4aregions,polygon average,MIROC5,01012023,8438,ha,rcp45,L_mu
San Francisco Bay Area Region,37.88151,-122.36979,ccc4aregions,polygon average,MIROC5,01012024,15012,ha,rcp45,L_mu
San Francisco Bay Area Region,37.88151,-122.36979,ccc4aregions,polygon average,MIROC5,01012025,8852,ha,rcp45,L_mu
San Francisco Bay Area Region,37.88151,-122.36979,ccc4aregions,polygon average,MIROC5,01012026,9227,ha,rcp45,L_mu
San Francisco Bay Area Region,37.88151,-122.36979,ccc4aregions,polygon average,MIROC5,01012027,7194,ha,rcp45,L_mu
San Francisco Bay Area Region,37.88151,-122.36979,ccc4aregions,polygon average,MIROC5,01012028,6220,ha,rcp45,L_mu
San Francisco Bay Area Region,37.88151,-122.36979,ccc4aregions,polygon average,MIROC5,01012029,7134,ha,rcp45,L_mu
San Francisco Bay Area Region,37.88151,-122.36979,ccc4aregions,polygon average,MIROC5,01012030,8758,ha,rcp45,L_mu
San Francisco Bay Area Region,37.88151,-122.36979,ccc4aregions,polygon average,MIROC5,01012031,9000,ha,rcp45,L_mu
San Francisco Bay Area Region,37.88151,-122.36979,ccc4aregions,polygon average,MIROC5,01012032,10165,ha,rcp45,L_mu
San Francisco Bay Area Region,37.88151,-122.36979,ccc4aregions,polygon average,MIROC5,01012033,7080,ha,rcp45,L_mu
San Francisco Bay Area Region,37.88151,-122.36979,ccc4aregions,polygon average,MIROC5,01012034,5494,ha,rcp45,L_mu
San Francisco Bay Area Region,37.88151,-122.36979,ccc4aregions,polygon average,MIROC5,01012035,10467,ha,rcp45,L_mu
San Francisco Bay Area Region,37.88151,-122.36979,ccc4aregions,polygon average,MIROC5,01012036,9172,ha,rcp45,L_mu
San Francisco Bay Area Region,37.88151,-122.36979,ccc4aregions,polygon average,MIROC5,01012037,6604,ha,rcp45,L_mu
San Francisco Bay Area Region,37.88151,-122.36979,ccc4aregions,polygon average,MIROC5,01012038,5494,ha,rcp45,L_mu
San Francisco Bay Area Region,37.88151,-122.36979,ccc4aregions,polygon average,MIROC5,01012039,6110,ha,rcp45,L_mu
San Francisco Bay Area Region,37.88151,-122.36979,ccc4aregions,polygon average,MIROC5,01012040,10064,ha,rcp45,L_mu
San Francisco Bay Area Region,37.88151,-122.36979,ccc4aregions,polygon average,MIROC5,01012041,8064,ha,rcp45,L_mu
San Francisco Bay Area Region,37.88151,-122.36979,ccc4aregions,polygon average,MIROC5,01012042,9577,ha,rcp45,L_mu
San Francisco Bay Area Region,37.88151,-122.36979,ccc4aregions,polygon average,MIROC5,01012043,8755,ha,rcp45,L_mu
San Francisco Bay Area Region,37.88151,-122.36979,ccc4aregions,polygon average,MIROC5,01012044,5029,ha,rcp45,L_mu
San Francisco Bay Area Region,37.88151,-122.36979,ccc4aregions,polygon average,MIROC5,01012045,7168,ha,rcp45,L_mu
San Francisco Bay Area Region,37.88151,-122.36979,ccc4aregions,polygon average,MIROC5,01012046,11186,ha,rcp45,L_mu
San Francisco Bay Area Region,37.88151,-122.36979,ccc4aregions,polygon average,MIROC5,01012047,11177,ha,rcp45,L_mu
San Francisco Bay Area Region,37.88151,-122.36979,ccc4aregions,polygon average,MIROC5,01012048,10136,ha,rcp45,L_mu
San Francisco Bay Area Region,37.88151,-122.36979,ccc4aregions,polygon average,MIROC5,01012049,6811,ha,rcp45,L_mu
San Francisco Bay Area Region,37.88151,-122.36979,ccc4aregions,polygon average,MIROC5,01012050,7445,ha,rcp45,L_mu
San Francisco Bay Area Region,37.88151,-122.36979,ccc4aregions,polygon average,MIROC5,01012051,10639,ha,rcp45,L_mu
San Francisco Bay Area Region,37.88151,-122.36979,ccc4aregions,polygon average,MIROC5,01012052,11469,ha,rcp45,L_mu
San Francisco Bay Area Region,37.88151,-122.36979,ccc4aregions,polygon average,MIROC5,01012053,9064,ha,rcp45,L_mu
San Francisco Bay Area Region,37.88151,-122.36979,ccc4aregions,polygon average,MIROC5,01012054,10191,ha,rcp45,L_mu
San Francisco Bay Area Region,37.88151,-122.36979,ccc4aregions,polygon average,MIROC5,01012055,8051,ha,rcp45,L_mu
San Francisco Bay Area Region,37.88151,-122.36979,ccc4aregions,polygon average,MIROC5,01012056,10449,ha,rcp45,L_mu
San Francisco Bay Area Region,37.88151,-122.36979,ccc4aregions,polygon average,MIROC5,01012057,10654,ha,rcp45,L_mu
San Francisco Bay Area Region,37.88151,-122.36979,ccc4aregions,polygon average,MIROC5,01012058,10432,ha,rcp45,L_mu
San Francisco Bay Area Region,37.88151,-122.36979,ccc4aregions,polygon average,MIROC5,01012059,17974,ha,rcp45,L_mu
San Francisco Bay Area Region,37.88151,-122.36979,ccc4aregions,polygon average,MIROC5,01012060,9420,ha,rcp45,L_mu
San Francisco Bay Area Region,37.88151,-122.36979,ccc4aregions,polygon average,MIROC5,01012061,4637,ha,rcp45,L_mu
San Francisco Bay Area Region,37.88151,-122.36979,ccc4aregions,polygon average,MIROC5,01012062,8076,ha,rcp45,L_mu
San Francisco Bay Area Region,37.88151,-122.36979,ccc4aregions,polygon average,MIROC5,01012063,12544,ha,rcp45,L_mu
San Francisco Bay Area Region,37.88151,-122.36979,ccc4aregions,polygon average,MIROC5,01012064,13792,ha,rcp45,L_mu
San Francisco Bay Area Region,37.88151,-122.36979,ccc4aregions,polygon average,MIROC5,01012065,12314,ha,rcp45,L_mu
San Francisco Bay Area Region,37.88151,-122.36979,ccc4aregions,polygon average,MIROC5,01012066,8254,ha,rcp45,L_mu
San Francisco Bay Area Region,37.88151,-122.36979,ccc4aregions,polygon average,MIROC5,01012067,8048,ha,rcp45,L_mu
San Francisco Bay Area Region,37.88151,-122.36979,ccc4aregions,polygon average,MIROC5,01012068,11080,ha,rcp45,L_mu
San Francisco Bay Area Region,37.88151,-122.36979,ccc4aregions,polygon average,MIROC5,01012069,7910,ha,rcp45,L_mu
San Francisco Bay Area Region,37.88151,-122.36979,ccc4aregions,polygon average,MIROC5,01012070,11609,ha,rcp45,L_mu
San Francisco Bay Area Region,37.88151,-122.36979,ccc4aregions,polygon average,MIROC5,01012071,6580,ha,rcp45,L_mu
San Francisco Bay Area Region,37.88151,-122.36979,ccc4aregions,polygon average,MIROC5,01012072,7178,ha,rcp45,L_mu
San Francisco Bay Area Region,37.88151,-122.36979,ccc4aregions,polygon average,MIROC5,01012073,10538,ha,rcp45,L_mu
San Francisco Bay Area Region,37.88151,-122.36979,ccc4aregions,polygon average,MIROC5,01012074,6300,ha,rcp45,L_mu
San Francisco Bay Area Region,37.88151,-122.36979,ccc4aregions,polygon average,MIROC5,01012075,8232,ha,rcp45,L_mu
San Francisco Bay Area Region,37.88151,-122.36979,ccc4aregions,polygon average,MIROC5,01012076,9143,ha,rcp45,L_mu
San Francisco Bay Area Region,37.88151,-122.36979,ccc4aregions,polygon average,MIROC5,01012077,10310,ha,rcp45,L_mu
San Francisco Bay Area Region,37.88151,-122.36979,ccc4aregions,polygon average,MIROC5,01012078,12640,ha,rcp45,L_mu
San Francisco Bay Area Region,37.88151,-122.36979,ccc4aregions,polygon average,MIROC5,01012079,7324,ha,rcp45,L_mu
San Francisco Bay Area Region,37.88151,-122.36979,ccc4aregions,polygon average,MIROC5,01012080,10013,ha,rcp45,L_mu
San Francisco Bay Area Region,37.88151,-122.36979,ccc4aregions,polygon average,MIROC5,01012081,8839,ha,rcp45,L_mu
San Francisco Bay Area Region,37.88151,-122.36979,ccc4aregions,polygon average,MIROC5,01012082,8927,ha,rcp45,L_mu
San Francisco Bay Area Region,37.88151,-122.36979,ccc4aregions,polygon average,MIROC5,01012083,10404,ha,rcp45,L_mu
San Francisco Bay Area Region,37.88151,-122.36979,ccc4aregions,polygon average,MIROC5,01012084,15302,ha,rcp45,L_mu
San Francisco Bay Area Region,37.88151,-122.36979,ccc4aregions,polygon average,MIROC5,01012085,7795,ha,rcp45,L_mu
San Francisco Bay Area Region,37.88151,-122.36979,ccc4aregions,polygon average,MIROC5,01012086,9410,ha,rcp45,L_mu
San Francisco Bay Area Region,37.88151,-122.36979,ccc4aregions,polygon average,MIROC5,01012087,12638,ha,rcp45,L_mu
San Francisco Bay Area Region,37.88151,-122.36979,ccc4aregions,polygon average,MIROC5,01012088,10707,ha,rcp45,L_mu
San Francisco Bay Area Region,37.88151,-122.36979,ccc4aregions,polygon average,MIROC5,01012089,8242,ha,rcp45,L_mu
San Francisco Bay Area Region,37.88151,-122.36979,ccc4aregions,polygon average,MIROC5,01012090,6122,ha,rcp45,L_mu
San Francisco Bay Area Region,37.88151,-122.36979,ccc4aregions,polygon average,MIROC5,01012091,10741,ha,rcp45,L_mu
San Francisco Bay Area Region,37.88151,-122.36979,ccc4aregions,polygon average,MIROC5,01012092,8890,ha,rcp45,L_mu
San Francisco Bay Area Region,37.88151,-122.36979,ccc4aregions,polygon average,MIROC5,01012093,8982,ha,rcp45,L_mu
San Francisco Bay Area Region,37.88151,-122.36979,ccc4aregions,polygon average,MIROC5,01012094,11178,ha,rcp45,L_mu
San Francisco Bay Area Region,37.88151,-122.36979,ccc4aregions,polygon average,MIROC5,01012095,8788,ha,rcp45,L_mu
San Francisco Bay Area Region,37.88151,-122.36979,ccc4aregions,polygon average,MIROC5,01012096,11621,ha,rcp45,L_mu
San Francisco Bay Area Region,37.88151,-122.36979,ccc4aregions,polygon average,MIROC5,01012097,12293,ha,rcp45,L_mu
San Francisco Bay Area Region,37.88151,-122.36979,ccc4aregions,polygon average,MIROC5,01012098,10122,ha,rcp45,L_mu
San Francisco Bay Area Region,37.88151,-122.36979,ccc4aregions,polygon average,MIROC5,01012099,10530,ha,rcp45,L_mu
San Francisco Bay Area Region,37.88151,-122.36979,ccc4aregions,polygon average,MIROC5,01012100,10054,ha,rcp45,L_mu
